<?xml version="1.0" encoding="UTF-8"?>
<project-private xmlns="http://www.netbeans.org/ns/project-private/1">
    <editor-bookmarks xmlns="http://www.netbeans.org/ns/editor-bookmarks/2" lastBookmarkId="0"/>
    <open-files xmlns="http://www.netbeans.org/ns/projectui-open-files/2">
        <group/>
        <group name="Web Engineering">
            <file>file:/Users/hochschule/ownCloud/documents/Beuth/Module/WEI/ÜbungNeu/Übung6/UBG_6/BlogApp/public_html/index.html</file>
            <file>file:/Users/hochschule/ownCloud/documents/Beuth/Module/WEI/ÜbungNeu/Übung6/UBG_6/BlogApp/public_html/js/model.js</file>
        </group>
        <group name="WE I"/>
        <group name="Test_WE"/>
        <group name="WEI">
            <file>file:/Users/hochschule/Nextcloud/documents/Beuth/Module/WEI/ÜbungNeu/Übung6_23/UBG_6/BlogApp/public_html/js/presenter.js</file>
        </group>
    </open-files>
</project-private>
